gene_name,log2FoldChange,padj
TP53,2.5,0.00001
BRCA1,1.8,0.0004
MYC,3.1,1.2e-7
EGFR,-2.1,0.0002
PTEN,-1.5,0.005
VEGFA,1.2,0.04
GAPDH,0.1,0.8
ACTB,-0.05,0.95
MTOR,2.2,0.0001
STAT3,1.9,0.001
IL6,4.5,1.5e-9
TNF,3.8,2.0e-8
RB1,-2.4,0.0003
CDKN1A,2.1,0.00005
VHL,-1.9,0.0015
E2F1,2.8,1.0e-6
JUN,1.5,0.01
FOS,1.7,0.008
ESR1,-2.6,0.0001
ERBB2,3.0,5.0e-7
