gene_name,log2FoldChange,padj
BRCA1,3.5,0.0001
TP53,-2.8,0.0005
EGFR,1.9,0.001
MYC,2.1,0.002
CDK4,0.5,0.600
STAT1,-0.2,0.850
IFNG,4.2,0.00001
IL6,3.1,0.0003
TNF,2.9,0.0004
VEGFA,-1.5,0.050
MMP9,2.2,0.010
CXCL10,3.8,0.00005
GAPDH,0.01,0.990
ACTB,-0.05,0.980
